<?xml version="1.0" encoding="UTF_8"?>

<?xml-stylesheet href="question.xsl" type="text/xsl" ?>

<!DOCTYPE survey SYSTEM "survey.dtd">

 <survey title="Survey">
  <isro> 
    <region>Atlantic</region> 
    <location>Carter</location> 
    <feature_type>Seamount</feature_type> 
    <rov_dives>5</rov_dives> 
    <area_covered>2&DOT;78</area_covered>
    <depth_range>200&HYPHEN;2800</depth_range>
    <distance>630</distance>
    <shipping>0&DOT;12</shipping>
    <items>12&DOT;23</items>
  </isro> 
  <isro> 
    <region>Atlantic</region> 
    <location>Knipovich</location> 
    <feature_type>Seamount</feature_type> 
    <rov_dives>3</rov_dives> 
    <area_covered>2&DOT;18</area_covered>
    <depth_range>600&HYPHEN;2800</depth_range>
    <distance>1360</distance>
    <shipping>0&DOT;23</shipping>
    <items>2&DOT;29</items>
  </isro>
  <isro> 
    <region>Atlantic</region> 
    <location>VEMA</location> 
    <feature_type>Fracture Zone</feature_type> 
    <rov_dives>3</rov_dives> 
    <area_covered>1&DOT;80</area_covered>
    <depth_range>600&HYPHEN;3000</depth_range>
    <distance>1040</distance>
    <shipping>0&DOT;07</shipping>
    <items>5&DOT;56</items>
  </isro>
  <isro> 
    <region>Atlantic</region> 
    <location>Vayda</location> 
    <feature_type>Seamount</feature_type> 
    <rov_dives>3</rov_dives> 
    <area_covered>3&DOT;10</area_covered>
    <depth_range>400&HYPHEN;2300</depth_range>
    <distance>1170</distance>
    <shipping>0&DOT;01</shipping>
    <items>1&DOT;94</items>
  </isro>
  <isro> 
    <region>Atlantic</region> 
    <location>Gramberg</location> 
    <feature_type>Seamount</feature_type> 
    <rov_dives>2</rov_dives> 
    <area_covered>1&DOT;70</area_covered>
    <depth_range>900&HYPHEN;2200</depth_range>
    <distance>940</distance>
    <shipping>0&DOT;21</shipping>
    <items>0&DOT;59</items>
  </isro>

  <isro> 
    <region>Indian</region> 
    <location>Coral</location> 
    <feature_type>Seamount</feature_type> 
    <rov_dives>5</rov_dives> 
    <area_covered>2&DOT;04</area_covered>
    <depth_range>500&HYPHEN;1500</depth_range>
    <distance>1610</distance>
    <shipping>0&DOT;01</shipping>
    <items>1&DOT;47</items>
  </isro>
  <isro> 
    <region>Indian</region> 
    <location>Melville</location> 
    <feature_type>Bank</feature_type> 
    <rov_dives>4</rov_dives> 
    <area_covered>1&DOT;35</area_covered>
    <depth_range>100&HYPHEN;1300</depth_range>
    <distance>1440</distance>
    <shipping>0&DOT;00</shipping>
    <items>13&DOT;33</items>
  </isro>
  <isro> 
    <region>Indian</region> 
    <location>Middle of What</location> 
    <feature_type>Seamount</feature_type> 
    <rov_dives>3</rov_dives> 
    <area_covered>0&DOT;41</area_covered>
    <depth_range>1000&HYPHEN;1400</depth_range>
    <distance>1460</distance>
    <shipping>0&DOT;00</shipping>
    <items>2&DOT;44</items>
  </isro>
  <isro> 
    <region>Indian</region> 
    <location>Samper</location> 
    <feature_type>Seamount</feature_type> 
    <rov_dives>1</rov_dives> 
    <area_covered>0&DOT;46</area_covered>
    <depth_range>300&HYPHEN;700</depth_range>
    <distance>1390</distance>
    <shipping>0&DOT;00</shipping>
    <items>17&DOT;39</items>
  </isro>
  <isro> 
    <region>Indian</region> 
    <location>Atlantis</location> 
    <feature_type>Bank</feature_type> 
    <rov_dives>3</rov_dives> 
    <area_covered>1&DOT;34</area_covered>
    <depth_range>700&HYPHEN;1200</depth_range>
    <distance>1320</distance>
    <shipping>0&DOT;10</shipping>
    <items>0&DOT;75</items>
  </isro>
 </survey>
